<?xml version="1.0" encoding="UTF-8"?>

<mule xmlns:db="http://www.mulesoft.org/schema/mule/db" xmlns:http="http://www.mulesoft.org/schema/mule/http" xmlns="http://www.mulesoft.org/schema/mule/core" xmlns:doc="http://www.mulesoft.org/schema/mule/documentation"
	xmlns:spring="http://www.springframework.org/schema/beans" 
	xmlns:xsi="http://www.w3.org/2001/XMLSchema-instance"
	xsi:schemaLocation="http://www.springframework.org/schema/beans http://www.springframework.org/schema/beans/spring-beans-current.xsd
http://www.mulesoft.org/schema/mule/core http://www.mulesoft.org/schema/mule/core/current/mule.xsd
http://www.mulesoft.org/schema/mule/db http://www.mulesoft.org/schema/mule/db/current/mule-db.xsd
http://www.mulesoft.org/schema/mule/http http://www.mulesoft.org/schema/mule/http/current/mule-http.xsd">
    <flow name="adminFlow">
        <http:listener config-ref="HTTP_Listener_Configuration" path="admin/RESERVEDPOOL" doc:name="HTTP" allowedMethods="GET"/>
        <db:select config-ref="Oracle_Configuration" doc:name="Database">
            <db:parameterized-query><![CDATA[select * from RESERVED_POOL]]></db:parameterized-query>
        </db:select>
        <flow-ref name="responseSub_Flow" doc:name="Flow Reference"/>
    </flow>
    <flow name="adminFlow1">
        <http:listener config-ref="HTTP_Listener_Configuration" path="admin/AUDITPROFIT" doc:name="HTTP" allowedMethods="GET"/>
        <db:select config-ref="Oracle_Configuration" doc:name="Database">
            <db:parameterized-query><![CDATA[select * from AUDIT_PROFIT]]></db:parameterized-query>
        </db:select>
        <flow-ref name="responseSub_Flow" doc:name="Flow Reference"/>
    </flow>
    <flow name="adminFlow2">
        <http:listener config-ref="HTTP_Listener_Configuration" path="admin/ThirdPartyOrderBook" doc:name="HTTP" allowedMethods="GET"/>
        <db:select config-ref="Oracle_Configuration" doc:name="Database">
            <db:parameterized-query><![CDATA[select * from ThirdPartyOrderBook]]></db:parameterized-query>
        </db:select>
        <flow-ref name="responseSub_Flow" doc:name="Flow Reference"/>
    </flow>
    <flow name="adminFlow3">
        <http:listener config-ref="HTTP_Listener_Configuration" path="admin/SELL_ORDER" doc:name="HTTP" allowedMethods="GET"/>
         <db:select config-ref="Oracle_Configuration" doc:name="Database">
            <db:parameterized-query><![CDATA[select * from SELL_ORDER]]></db:parameterized-query>
        </db:select>
        <flow-ref name="responseSub_Flow" doc:name="Flow Reference"/>
    </flow>
</mule>
