<?xml version="1.0" encoding="UTF-8"?>
<mule xmlns:cors="http://www.mulesoft.org/schema/mule/cors"
	xmlns:tracking="http://www.mulesoft.org/schema/mule/ee/tracking" xmlns="http://www.mulesoft.org/schema/mule/core" xmlns:apikit="http://www.mulesoft.org/schema/mule/apikit" xmlns:doc="http://www.mulesoft.org/schema/mule/documentation" xmlns:http="http://www.mulesoft.org/schema/mule/http" xmlns:mule-ss="http://www.mulesoft.org/schema/mule/spring-security" xmlns:spring="http://www.springframework.org/schema/beans" xmlns:xsi="http://www.w3.org/2001/XMLSchema-instance" xsi:schemaLocation="http://www.mulesoft.org/schema/mule/cors http://www.mulesoft.org/schema/mule/cors/current/mule-cors.xsd
http://www.mulesoft.org/schema/mule/spring-security http://www.mulesoft.org/schema/mule/spring-security/current/mule-spring-security.xsd
http://www.springframework.org/schema/beans http://www.springframework.org/schema/beans/spring-beans-current.xsd
http://www.mulesoft.org/schema/mule/core http://www.mulesoft.org/schema/mule/core/current/mule.xsd
http://www.mulesoft.org/schema/mule/http http://www.mulesoft.org/schema/mule/http/current/mule-http.xsd
http://www.mulesoft.org/schema/mule/apikit http://www.mulesoft.org/schema/mule/apikit/current/mule-apikit.xsd
http://www.mulesoft.org/schema/mule/ee/tracking http://www.mulesoft.org/schema/mule/ee/tracking/current/mule-tracking-ee.xsd">
    <flow name="ceexchange-main">
        <http:listener config-ref="HTTP_Listener_Configuration" path="/api/*" doc:name="HTTP" />
      <!--   <mule-ss:http-security-filter realm="mule-realm" securityProviders="memory-provider" /> -->
      <cors:validate config-ref="Cors_Configuration" publicResource="true" acceptsCredentials="false" doc:name="CORS Validate"/>
        <apikit:router config-ref="api-config" doc:name="APIkit Router" />
        <exception-strategy ref="ceexchange-apiKitGlobalExceptionMapping" doc:name="Reference Exception Strategy" />
    </flow>
    <flow name="ceexchange-console">
        <http:listener config-ref="HTTP_Listener_Configuration" path="/console/*" doc:name="HTTP" />
        <apikit:console config-ref="api-config" doc:name="APIkit Console" />
    </flow>
    <flow name="get:/exchange:api-config">
        <flow-ref name="ceexchangeFlow" doc:name="ceexchangeFlow" />
    </flow>
    <flow name="get:/global:api-config">
        <flow-ref name="ceexchangeGlobalDataFlow" doc:name="ceexchangeGlobalDataFlow" />
    </flow>

    <flow name="get:/exchangeRate:api-config">
        <flow-ref name="ceexchangeRateFlow" doc:name="ceexchangeRateFlow" />
    </flow>
    <flow name="post:/buyOrder:application/json:api-config">
        <flow-ref name="transactional_BuyOrder_QueueFlow" doc:name="transactional_BuyOrder_QueueFlow" />
    </flow>
    <flow name="post:/sellOrder:application/json:api-config">
        <flow-ref name="transactional_SellOrder_QueueFlow" doc:name="transactional_SellOrder_QueueFlow"/>

    </flow>
 	<flow name="post:/sellMatch:application/json:api-config">
        <logger message="#[payload]" level="INFO" doc:name="Logger"/>


    </flow>
    <flow name="get:/buySellRate:api-config">
        <flow-ref name="buySellRateFlow" doc:name="buySellRateFlow"/>

    </flow>
        <flow name="get:/thirdPartyURI:api-config">
        <flow-ref name="thirdPartyURIFlow" doc:name="Flow Reference"/>


    </flow>
    <apikit:mapping-exception-strategy name="ceexchange-apiKitGlobalExceptionMapping">
        <apikit:mapping statusCode="404">
            <apikit:exception value="org.mule.module.apikit.exception.NotFoundException" />
            <set-property propertyName="Content-Type" value="application/json" doc:name="Property" />
            <set-payload value="{ &quot;message&quot;: &quot;Resource not found&quot; }" doc:name="Set Payload" />
        </apikit:mapping>
        <apikit:mapping statusCode="405">
            <apikit:exception value="org.mule.module.apikit.exception.MethodNotAllowedException" />
            <set-property propertyName="Content-Type" value="application/json" doc:name="Property" />
            <set-payload value="{ &quot;message&quot;: &quot;Method not allowed&quot; }" doc:name="Set Payload" />
        </apikit:mapping>
        <apikit:mapping statusCode="415">
            <apikit:exception value="org.mule.module.apikit.exception.UnsupportedMediaTypeException" />
            <set-property propertyName="Content-Type" value="application/json" doc:name="Property" />
            <set-payload value="{ &quot;message&quot;: &quot;Unsupported media type&quot; }" doc:name="Set Payload" />
        </apikit:mapping>
        <apikit:mapping statusCode="406">
            <apikit:exception value="org.mule.module.apikit.exception.NotAcceptableException" />
            <set-property propertyName="Content-Type" value="application/json" doc:name="Property" />
            <set-payload value="{ &quot;message&quot;: &quot;Not acceptable&quot; }" doc:name="Set Payload" />
        </apikit:mapping>
        <apikit:mapping statusCode="400">
            <apikit:exception value="org.mule.module.apikit.exception.BadRequestException" />
            <set-property propertyName="Content-Type" value="application/json" doc:name="Property" />
            <set-payload value="{ &quot;message&quot;: &quot;Bad request&quot; }" doc:name="Set Payload" />
        </apikit:mapping>
    </apikit:mapping-exception-strategy>
</mule>
