<?xml version="1.0" encoding="UTF-8"?>

<mule xmlns:tracking="http://www.mulesoft.org/schema/mule/ee/tracking" xmlns:jbossts="http://www.mulesoft.org/schema/mule/jbossts" xmlns:smtp="http://www.mulesoft.org/schema/mule/smtp" xmlns:db="http://www.mulesoft.org/schema/mule/db" xmlns:json="http://www.mulesoft.org/schema/mule/json" xmlns:file="http://www.mulesoft.org/schema/mule/file" xmlns:vm="http://www.mulesoft.org/schema/mule/vm"
	xmlns:jms="http://www.mulesoft.org/schema/mule/jms" xmlns:http="http://www.mulesoft.org/schema/mule/http" xmlns="http://www.mulesoft.org/schema/mule/core" xmlns:doc="http://www.mulesoft.org/schema/mule/documentation"
	xmlns:spring="http://www.springframework.org/schema/beans" 
	xmlns:xsi="http://www.w3.org/2001/XMLSchema-instance"
	xsi:schemaLocation="http://www.mulesoft.org/schema/mule/vm http://www.mulesoft.org/schema/mule/vm/current/mule-vm.xsd
http://www.springframework.org/schema/beans http://www.springframework.org/schema/beans/spring-beans-current.xsd
http://www.mulesoft.org/schema/mule/core http://www.mulesoft.org/schema/mule/core/current/mule.xsd
http://www.mulesoft.org/schema/mule/http http://www.mulesoft.org/schema/mule/http/current/mule-http.xsd
http://www.mulesoft.org/schema/mule/jms http://www.mulesoft.org/schema/mule/jms/current/mule-jms.xsd
http://www.mulesoft.org/schema/mule/file http://www.mulesoft.org/schema/mule/file/current/mule-file.xsd
http://www.mulesoft.org/schema/mule/db http://www.mulesoft.org/schema/mule/db/current/mule-db.xsd
http://www.mulesoft.org/schema/mule/json http://www.mulesoft.org/schema/mule/json/current/mule-json.xsd
http://www.mulesoft.org/schema/mule/smtp http://www.mulesoft.org/schema/mule/smtp/current/mule-smtp.xsd
http://www.mulesoft.org/schema/mule/jbossts http://www.mulesoft.org/schema/mule/jbossts/current/mule-jbossts.xsd
http://www.mulesoft.org/schema/mule/ee/tracking http://www.mulesoft.org/schema/mule/ee/tracking/current/mule-tracking-ee.xsd">
    <http:listener-config name="HTTP_Listener_ConfigurationMockingExchange" host="${http.mockingservice.listner.host}" port="${http.mockingservice.listner.port}" basePath="test" doc:name="HTTP Listener Configuration"/>
    
    
    <flow name="transactional_BuyOrder_QueueFlow" processingStrategy="synchronous">
        <logger message="#[payload]--------------Transaction ID----- #[java.util.UUID.randomUUID()]" level="INFO" doc:name="Logger"/>
        <json:json-to-object-transformer returnClass="java.lang.Object" doc:name="JSON to Object"/>
        <enricher target="#[flowVars.transactionExists]" doc:name="Message Enricher">
            <db:select config-ref="Oracle_Configuration" doc:name="Database">
                <db:parameterized-query><![CDATA[select TXN_ID from CCY_TRADE_HISTORY where TXN_ID = #[payload.transactionID] and TYPE ='Buy']]></db:parameterized-query>
            </db:select>
        </enricher>
        <logger message="#[payload]---------------- #[flowVars.transactionExists]" level="INFO" doc:name="Logger"/>
        <choice doc:name="Choice">
            <when expression="#[flowVars.transactionExists.size() == 1]">
                <jms:outbound-endpoint queue="BuyOrderQueue" connector-ref="Active_MQ" doc:name="JMS:  Buy Order Queue  Producer"/>
                <message-properties-transformer doc:name="Message Properties">
                    <add-message-property key="Content-Type" value="application/json"/>
                    <add-message-property key="Access-Control-Allow-Credentials" value="true"/>
                    <add-message-property key="Access-Control-Allow-Headers" value="Origin, X-Requested-With, Content-Type, Accept, Authorization, Access-Control-Allow-Credentials"/>
                    <add-message-property key="Access-Control-Allow-Methods" value="PUT, GET, POST, DELETE, OPTIONS"/>
                    <add-message-property key="Access-Control-Allow-Origin" value="*"/>
                </message-properties-transformer>
                <set-payload value="[     {         &quot;Message&quot;: &quot;Your Buy Order has been placed sucessfully, Please wait while we are processing your order&quot;                  } ]" doc:name="Set Payload"/>
            </when>
            <otherwise>
                <message-properties-transformer doc:name="Message Properties">
                    <add-message-property key="http.status" value="400"/>
                </message-properties-transformer>
                <set-payload value="[     {         &quot;Message&quot;: &quot;INVALID TRANSACTION, Please Contact Support&quot;                  } ]" doc:name="Set Payload"/>
            </otherwise>
        </choice>
    </flow>
        <flow name="transactional_SellOrder_QueueFlow" processingStrategy="synchronous">
        <logger message="#[payload]--------------Transaction ID----- #[java.util.UUID.randomUUID()]" level="INFO" doc:name="Logger"/>
       <json:json-to-object-transformer returnClass="java.lang.Object" doc:name="JSON to Object"/>
        <enricher target="#[flowVars.transactionExists]" doc:name="Message Enricher">
            <db:select config-ref="Oracle_Configuration" doc:name="Database">
                <db:parameterized-query><![CDATA[select TXN_ID from CCY_TRADE_HISTORY where TXN_ID = #[payload.transactionID] and TYPE ='Sell']]></db:parameterized-query>
            </db:select>
        </enricher>
        <logger message="#[payload]---------------- #[flowVars.transactionExists]" level="INFO" doc:name="Logger"/>
        <choice doc:name="Choice">
            <when expression="#[flowVars.transactionExists.size() == 1]">
                <jms:outbound-endpoint queue="SellOrderQueue" connector-ref="Active_MQ" doc:name="JMS: Sell Order Queue  Producer"/>
                <message-properties-transformer doc:name="Message Properties">
                    <add-message-property key="Content-Type" value="application/json"/>
                    <add-message-property key="Access-Control-Allow-Credentials" value="true"/>
                    <add-message-property key="Access-Control-Allow-Headers" value="Origin, X-Requested-With, Content-Type, Accept, Authorization, Access-Control-Allow-Credentials"/>
                    <add-message-property key="Access-Control-Allow-Methods" value="PUT, GET, POST, DELETE, OPTIONS"/>
                    <add-message-property key="Access-Control-Allow-Origin" value="*"/>
                </message-properties-transformer>
                <set-payload value="[     {         &quot;Message&quot;: &quot;Your Sell Order has been placed sucessfully, Please wait while we are processing your order&quot;                  } ]" doc:name="Set Payload"/>
            </when>
            <otherwise>
                <message-properties-transformer doc:name="Message Properties">
                    <add-message-property key="http.status" value="400"/>
                </message-properties-transformer>
                <set-payload value="[     {         &quot;Message&quot;: &quot;INVALID TRANSACTION, Please Contact Support&quot;                  } ]" doc:name="Set Payload"/>
            </otherwise>
        </choice>
    </flow>
    
    <flow name="Consumer_Order_Queue_Flow">
        <jms:inbound-endpoint queue="ThirdPartyOrderQueue" connector-ref="Active_MQ_Consumer" doc:name="JMS"/>
        <logger message="Consumer Logger --------------&gt;&gt;&gt;  #[payload]" level="INFO" doc:name="Logger"/>
        <set-variable variableName="JMSOriginalOrder" value="#[['quantity': payload.quantity, 'price': payload.price, 'coinname': payload.coinname, 'userid': payload.userid , 'transactionID': payload.transactionID]]" doc:name="Variable"/>
               <until-successful maxRetries="4" doc:name="Until Successful"   failureExpression="#[message.inboundProperties.'http.status'=='500']"  synchronous="true">
            <http:request config-ref="HTTP_Request_Configuration_mockingservice" path="/exchange" method="POST" doc:name="HTTP: Mocking Service">
                <http:success-status-code-validator values="200..599"/>
            </http:request>
        </until-successful>
        <json:json-to-object-transformer returnClass="java.lang.Object" doc:name="JSON to Object"/>
        <logger message="Before choice------------- #[payload]------------ #[message.inboundProperties.'http.status']" level="INFO" doc:name="Logger"/>
        <choice doc:name="Choice">
            <when expression="#[message.inboundProperties['http.status'] == '200']">
                <logger message="Sucessful Logger-----------#[payload] with HTTP Code #[message.inboundProperties.'http.status']" level="INFO" doc:name="Sucessful Logger"/>
                <logger message="#[flowVars.JMSOriginalOrder.quantity]------------ transactionhash---#[payload.transactionhash]" level="INFO" doc:name="Logger"/>
                <set-payload value="#[['quantity': flowVars.JMSOriginalOrder.quantity, 'coinname': flowVars.JMSOriginalOrder.coinname, 'userid': flowVars.JMSOriginalOrder.userid , 'transactionid': flowVars.JMSOriginalOrder.transactionID, 'thirdpartytransactionid': payload.thirdpartytransactionid, 'success': payload.success,'thirdpartytransactionhash': payload.transactionhash ]]" doc:name="Set Payload"/>
                <logger message="#[payload]" level="INFO" doc:name="Logger"/>
                <jms:outbound-endpoint  queue="SucessQueue" connector-ref="Active_MQ_Sucess" doc:name="JMS: Sucess Queue Producer"/>
            </when>
            <when expression="#[message.inboundProperties['http.status'] == '400']">
                <logger message="Auth Failed Logger-----------#[payload] with HTTP Code----------------&gt;&gt; #[message.inboundProperties.'http.status']" level="INFO" doc:name="Auth Failed Queue Logger"/>
            </when>
            <otherwise>
                <logger message="Default Scope Logger" level="INFO" doc:name="Default Logger"/>
            </otherwise>
        </choice>
        <catch-exception-strategy  doc:name="Catch Exception Strategy">
            <logger message="-----------------&gt;&gt;&gt; Adding Message #[payload] to Failed Queue" level="INFO" doc:name="Logger"/>
            <object-to-string-transformer doc:name="Object to String"/>
            <jms:outbound-endpoint  queue="Failed Queue" connector-ref="Active_MQ_Failed" doc:name="JMS: Failed Queue Producer"/>
        </catch-exception-strategy>
    
      <!--   <file:outbound-endpoint path="src/main/resources" outputPattern="tra.json" connector-ref="File" responseTimeout="10000" doc:name="File"/> -->
    </flow>
    <flow name="MockingExchangeFlow">
        <http:listener config-ref="HTTP_Listener_ConfigurationMockingExchange" path="exchange" allowedMethods="POST" doc:name="HTTP"/>
        <json:json-to-object-transformer returnClass="java.lang.Object" doc:name="JSON to Object"/>
        <set-variable variableName="mockpayload" value="#[payload.userid]" doc:name="Variable"/>
        <logger message="#[payload]" level="INFO" doc:name="Logger"/>
        <set-payload value="{&quot;thirdpartytransactionid&quot; : &quot;#[java.util.UUID.randomUUID()]&quot; , &quot;success&quot;: &quot;True&quot;, &quot;transactionhash&quot;: &quot;#[com.google.common.hash.Hashing.sha256().hashBytes(flowVars['mockpayload'].getBytes(&quot;UTF-8&quot;))]&quot;}" doc:name="Set Payload"/>
        <logger message="Exchange logger ------------------- &gt;&gt;&gt; #[payload] Consumed By Exchange" level="INFO" doc:name="Logger"/>
        <message-properties-transformer doc:name="Message Properties">
            <add-message-property key="http.status" value="200"/>
        </message-properties-transformer>
        
    </flow>
    <flow name="transactionalqueueFlow">
        <jms:inbound-endpoint queue="SucessQueue" connector-ref="Active_MQ_Consumer" doc:name="JMS: "/>
        <logger message="#[payload.quantity]--------#[payload.coinname]-------#[payload.userid]-----------#[payload.transactionid]---------- #[payload.thirdpartytransactionid]------------#[payload.success]------#[payload.thirdpartytransactionhash]" level="INFO" doc:name="Logger"/>
        <db:bulk-execute config-ref="Oracle_Configuration" doc:name="Database"><![CDATA[INSERT INTO THIRDPARTYORDERBOOK  (QUANTITY, COINNAME, USERID, ORIGINALTRANSACTIONID, THIRDPARTYTRANSACTIONID, TRANSACTIONHASH, SUCCESS) VALUES  (#[payload.quantity], '#[payload.coinname]','#[payload.userid]','#[payload.transactionid]','#[payload.thirdpartytransactionid]','#[payload.thirdpartytransactionhash]','#[payload.success]')]]></db:bulk-execute>
        <logger message="#[payload] &lt;&lt;&lt;-------------------- Transaction Completed Successfully---------------------&gt;&gt;&gt;&gt;" level="INFO" doc:name="Logger"/>
    </flow>
    <sub-flow name="SMTPSub_Flow">
        <logger message="#[payload.alert]" level="INFO" doc:name="Logger: Sending Email Alert for Low Reserve Pool"/>
        <set-payload value="&quot;ALERT&quot;!!!  Crypto Centric Reserved Pool is Low&quot;   

The available Balance in Reserve is #[flowVars.ReserveCheck[0].AVAILABLEQUANTITY]

This is an Automated Response, DO NOT REPLY ;-)" mimeType="text/plain" doc:name="Set Payload"/>
        <smtp:outbound-endpoint host="smtpauth.deliverycentric.com" port="587" user="swapnil.sahu@deliverycentric.com" password="Dcitblr_SS" connector-ref="SMTP" to="Leena.rajan@deliverycentric.com,Swapnil.sahu@deliverycentric.com" responseTimeout="10000" doc:name="SMTP"/>
    </sub-flow>
    <flow name="OrderHistoryFlow">
        <http:listener config-ref="HTTP_Listener_Configuration" path="/mail" allowedMethods="POST" doc:name="HTTP"/>
        <logger message="#[payload]" level="INFO" doc:name="Logger: Database"/>
    </flow>
   
</mule>
