[
            {
             "id": "bitcoin",
             "name": "Bitcoin",
             "symbol": "BTC",
             "rank": "1",
             "price_usd": "12466.5",
             "price_btc": "1.0",
             "24h_volume_usd": "8074700000.0",
             "market_cap_usd": "208476805773",
             "available_supply": "16722962.0",
             "total_supply": "16722962.0",
             "max_supply": "21000000.0",
             "percent_change_1h": "0.02",
             "percent_change_24h": "6.87",
             "percent_change_7d": "18.75",
             "last_updated": "1512534554",
             "price_aud": "16392.774309",
             "24h_volume_aud": "10617794466.2",
             "market_cap_aud": "274135741844"
            }
          ]